INSERT INTO ps.users (id, object_type, created_date, created_user, last_updated_date, last_updated_user, deleted_date, deleted_user, record_status, user_name, password, enabled, account_expired, account_locked, password_expiration_date, credential_expired, person_id)
VALUES (1, 'USER', '2022-12-06 03:33:51', '000000', '2022-12-06 03:33:51', '000000', null, null, null, '000000', '$2a$10$T0.vYb7hfAJF.A24MoxUseSEoTzwVtp.qIRB4nQ4be5a24cTYQvP.', false, false, false, '2030-01-01', false, 1);
INSERT INTO ps.users (id, object_type, created_date, created_user, last_updated_date, last_updated_user, deleted_date, deleted_user, record_status, user_name, password, enabled, account_expired, account_locked, password_expiration_date, credential_expired, person_id)
VALUES (2, 'USER', '2022-12-04 15:34:33', '000000', '2022-12-04 15:34:33', '000000', null, null, null, '100000', '$2a$10$K3062Uyap7vlT8RZttH6Cuq62S.VhuJ2UnzQPqpcUA57daOcnauf.', true, false, false, '2030-01-01', false, 2);
INSERT INTO ps.users (id, object_type, created_date, created_user, last_updated_date, last_updated_user, deleted_date, deleted_user, record_status, user_name, password, enabled, account_expired, account_locked, password_expiration_date, credential_expired, person_id)
VALUES (3, 'USER', '2022-12-04 15:34:33', '000000', '2022-12-04 15:34:33', '000000', null, null, null, '100001', '$2a$10$.pk/VoQlnkE45nJpt5chMeOfw5m9xy66zHXbzGLC6Q2iDvguRdzhG', true, false, false, '2030-01-01', false, 3);
INSERT INTO ps.users (id, object_type, created_date, created_user, last_updated_date, last_updated_user, deleted_date, deleted_user, record_status, user_name, password, enabled, account_expired, account_locked, password_expiration_date, credential_expired, person_id)
VALUES (4, 'USER', '2022-12-04 15:34:33', '000000', '2022-12-04 15:34:33', '000000', null, null, null, '100002', '$2a$10$IgWgXEy4kgzZ33B.u91/Ou1wnndTzZgzAGvh4V8LCImm2BngNBfYO', true, false, false, '2030-01-01', false, 4);
INSERT INTO ps.users (id, object_type, created_date, created_user, last_updated_date, last_updated_user, deleted_date, deleted_user, record_status, user_name, password, enabled, account_expired, account_locked, password_expiration_date, credential_expired, person_id)
VALUES (5, 'USER', '2022-11-20 18:26:15', '000000', '2022-11-20 18:26:15', '000000', null, null, null, '100003', '$2a$10$nyoSJ5JJdeintMwM.Ws0o.05MmImMXwRZaSRgFZ.lJIxKqvultZ0O', true, false, false, '2030-01-01', false, 5);
INSERT INTO ps.users (id, object_type, created_date, created_user, last_updated_date, last_updated_user, deleted_date, deleted_user, record_status, user_name, password, enabled, account_expired, account_locked, password_expiration_date, credential_expired, person_id)
VALUES (6, 'USER', '2022-12-06 01:16:25', '000000', '2022-12-06 01:16:25', '000000', null, null, null, '100004', '$2a$10$TLB.dPeRUuHIsF3qf9rjk.tfrS6DV4.hBOiwMDLg2.CZJiZhzRY1a', true, false, false, '2030-01-01', false, 6);
INSERT INTO ps.users (id, object_type, created_date, created_user, last_updated_date, last_updated_user, deleted_date, deleted_user, record_status, user_name, password, enabled, account_expired, account_locked, password_expiration_date, credential_expired, person_id)
VALUES (7, 'USER', '2022-12-06 01:56:14', '000000', '2022-12-06 01:56:14', '000000', null, null, null, '100005', '$2a$10$EQV4ukzl10W43mH3zODYsetmEncPuhDzkMuTmJE38qaCMWMDgpY1.', true, false, false, '2030-01-01', false, 7);
INSERT INTO ps.users (id, object_type, created_date, created_user, last_updated_date, last_updated_user, deleted_date, deleted_user, record_status, user_name, password, enabled, account_expired, account_locked, password_expiration_date, credential_expired, person_id)
VALUES (8, 'USER', '2022-12-06 02:02:47', '000000', '2022-12-06 02:02:47', '000000', null, null, null, '100006', '$2a$10$8EymWDNcEIVFe6BTx6isbuZTkKPn1v1GyCCLbEXlcThiNKEizJzFi', true, false, false, '2030-01-01', false, 8);
INSERT INTO ps.users (id, object_type, created_date, created_user, last_updated_date, last_updated_user, deleted_date, deleted_user, record_status, user_name, password, enabled, account_expired, account_locked, password_expiration_date, credential_expired, person_id)
VALUES (9, 'USER', '2022-12-06 02:06:45', '000000', '2022-12-06 02:06:45', '000000', null, null, null, '100007', '$2a$10$Xgba4qM.06avJWVibQdub.V95nIiY4F2X./leKHE3ea5LkOAn3v7O', true, false, false, '2030-01-01', false, 9);
INSERT INTO ps.users (id, object_type, created_date, created_user, last_updated_date, last_updated_user, deleted_date, deleted_user, record_status, user_name, password, enabled, account_expired, account_locked, password_expiration_date, credential_expired, person_id)
VALUES (10, 'USER', '2022-12-06 02:59:50', '000000', '2022-12-06 02:59:50', '000000', null, null, null, '100008', '$2a$10$EPwMxxp86A1SEHPm0i1Kt..BRmck/0/e94ZWSes3Rv0.wpu5ibqWy', true, false, false, '2030-01-01', false, 10);
INSERT INTO ps.users (id, object_type, created_date, created_user, last_updated_date, last_updated_user, deleted_date, deleted_user, record_status, user_name, password, enabled, account_expired, account_locked, password_expiration_date, credential_expired, person_id)
VALUES (11, 'USER', '2022-12-06 03:02:20', '000000', '2022-12-06 03:02:20', '000000', null, null, null, '100009', '$2a$10$KBlHqdFcQoMoJmdPhWvae.ppfVBMbyfe.UzP.9AlXP60IShnOnPuq', true, false, false, '2030-01-01', false, 11);
INSERT INTO ps.users (id, object_type, created_date, created_user, last_updated_date, last_updated_user, deleted_date, deleted_user, record_status, user_name, password, enabled, account_expired, account_locked, password_expiration_date, credential_expired, person_id)
VALUES (12, 'USER', '2022-12-06 03:05:41', '000000', '2022-12-06 03:06:24', '000000', null, null, null, '100010', '$2a$10$5eXUTg9LLnTIbLNX.w2eCeyn1bgZ6agu6HqLfbbGVnhwo9oNM1J.y', true, false, false, '2030-01-01', false, 12);
INSERT INTO ps.users (id, object_type, created_date, created_user, last_updated_date, last_updated_user, deleted_date, deleted_user, record_status, user_name, password, enabled, account_expired, account_locked, password_expiration_date, credential_expired, person_id)
VALUES (13, 'USER', '2022-12-06 03:18:47', '000000', '2022-12-06 03:18:47', '000000', null, null, null, '100011', '$2a$10$pa.oPH0r11t6afW8u9PszOdihdTxJ/6UbWDm8zk9P2ce/S6XbtvRy', true, false, false, '2030-01-01', false, 13);

insert into people (id, object_type, created_date, created_user, last_updated_date, last_updated_user, deleted_date, deleted_user, record_status, role, name, last_name, person_identification_id, address_id, birthday, status, university_identification_id, career_average, career_registration_date, image_profile, academic_status, university_profile, user_id)
values (1, 'PROFESSOR', '2022-12-06 03:33:51', '000000', '2022-12-06 03:33:51', '000000', null, null, null, 'PROFESSOR', 'PS', 'Bot', 1, 1, '2023-01-01', 'ACTIVE', 2, null, null, 'https://photos.app.goo.gl/dk7gmNXsEM59iVtu6', null, null, 1);
insert into people (id, object_type, created_date, created_user, last_updated_date, last_updated_user, deleted_date, deleted_user, record_status, role, name, last_name, person_identification_id, address_id, birthday, status, university_identification_id, career_average, career_registration_date, image_profile, academic_status, university_profile, user_id)
values (2, 'PROFESSOR', '2022-12-06 03:33:51', '000000', '2022-12-06 03:33:51', '000000', null, null, null, 'PROFESSOR', 'Joe', 'Quimby', 3, 2, '2023-01-01', 'ACTIVE', 4, null, null, 'https://photos.app.goo.gl/dk7gmNXsEM59iVtu6', null, null, 2);
insert into people (id, object_type, created_date, created_user, last_updated_date, last_updated_user, deleted_date, deleted_user, record_status, role, name, last_name, person_identification_id, address_id, birthday, status, university_identification_id, career_average, career_registration_date, image_profile, academic_status, university_profile, user_id)
values (3, 'PROFESSOR', '2022-12-06 03:33:51', '000000', '2022-12-06 03:33:51', '000000', null, null, null, 'PROFESSOR', 'Groundskeeper', 'Willie', 5, 3, '2023-01-01', 'ACTIVE', 6, null, null, 'https://photos.app.goo.gl/dk7gmNXsEM59iVtu6', null, null, 3);
insert into people (id, object_type, created_date, created_user, last_updated_date, last_updated_user, deleted_date, deleted_user, record_status, role, name, last_name, person_identification_id, address_id, birthday, status, university_identification_id, career_average, career_registration_date, image_profile, academic_status, university_profile, user_id)
values (4, 'STUDENT', '2022-12-06 03:33:51', '000000', '2022-12-06 03:33:51', '000000', null, null, null, 'STUDENT', 'Todd', 'Flanders', 7, 4, '2023-01-01', 'ACTIVE', 8, null, null, 'https://photos.app.goo.gl/dk7gmNXsEM59iVtu6', null, null, 4);
insert into people (id, object_type, created_date, created_user, last_updated_date, last_updated_user, deleted_date, deleted_user, record_status, role, name, last_name, person_identification_id, address_id, birthday, status, university_identification_id, career_average, career_registration_date, image_profile, academic_status, university_profile, user_id)
values (5, 'PROFESSOR', '2022-12-06 03:33:51', '000000', '2022-12-06 03:33:51', '000000', null, null, null, 'PROFESSOR', 'Superintendente', 'Chalmers', 9, 5, '1984-09-13', 'ACTIVE', 10, null, null, 'https://photos.app.goo.gl/dk7gmNXsEM59iVtu6', null, null, 5);
insert into people (id, object_type, created_date, created_user, last_updated_date, last_updated_user, deleted_date, deleted_user, record_status, role, name, last_name, person_identification_id, address_id, birthday, status, university_identification_id, career_average, career_registration_date, image_profile, academic_status, university_profile, user_id)
values (6, 'PROFESSOR', '2022-12-06 03:33:51', '000000', '2022-12-06 03:33:51', '000000', null, null, null, 'PROFESSOR', 'Edna', 'Krabappel', 11, 6, '2023-01-01', 'ACTIVE', 12, null, null, 'https://photos.app.goo.gl/dk7gmNXsEM59iVtu6', null, null, 6);
insert into people (id, object_type, created_date, created_user, last_updated_date, last_updated_user, deleted_date, deleted_user, record_status, role, name, last_name, person_identification_id, address_id, birthday, status, university_identification_id, career_average, career_registration_date, image_profile, academic_status, university_profile, user_id)
values (7, 'PROFESSOR', '2022-12-06 03:33:51', '000000', '2022-12-06 03:33:51', '000000', null, null, null, 'PROFESSOR', 'Seymour', 'Skinner', 13, 7, '2023-01-01', 'ACTIVE', 14, null, null, 'https://photos.app.goo.gl/dk7gmNXsEM59iVtu6', null, null, 7);
insert into people (id, object_type, created_date, created_user, last_updated_date, last_updated_user, deleted_date, deleted_user, record_status, role, name, last_name, person_identification_id, address_id, birthday, status, university_identification_id, career_average, career_registration_date, image_profile, academic_status, university_profile, user_id)
values (8, 'STUDENT', '2022-12-06 03:33:51', '000000', '2022-12-06 03:33:51', '000000', null, null, null, 'STUDENT', 'Bart', 'Simpson', 15, 8, '2023-01-01', 'ACTIVE', 16, null, null, 'https://photos.app.goo.gl/dk7gmNXsEM59iVtu6', null, null, 8);
insert into people (id, object_type, created_date, created_user, last_updated_date, last_updated_user, deleted_date, deleted_user, record_status, role, name, last_name, person_identification_id, address_id, birthday, status, university_identification_id, career_average, career_registration_date, image_profile, academic_status, university_profile, user_id)
values (9, 'STUDENT', '2022-12-06 03:33:51', '000000', '2022-12-06 03:33:51', '000000', null, null, null, 'STUDENT', 'Lisa', 'Simpson', 17, 9, '2023-01-01', 'ACTIVE', 18, null, null, 'https://photos.app.goo.gl/dk7gmNXsEM59iVtu6', null, null, 9);
insert into people (id, object_type, created_date, created_user, last_updated_date, last_updated_user, deleted_date, deleted_user, record_status, role, name, last_name, person_identification_id, address_id, birthday, status, university_identification_id, career_average, career_registration_date, image_profile, academic_status, university_profile, user_id)
values (10, 'STUDENT', '2022-12-06 03:33:51', '000000', '2022-12-06 03:33:51', '000000', null, null, null, 'STUDENT', 'Milhouse', 'Van Houten', 19, 10, '2023-01-01', 'ACTIVE', 20, null, null, 'https://photos.app.goo.gl/dk7gmNXsEM59iVtu6', null, null, 10);
insert into people (id, object_type, created_date, created_user, last_updated_date, last_updated_user, deleted_date, deleted_user, record_status, role, name, last_name, person_identification_id, address_id, birthday, status, university_identification_id, career_average, career_registration_date, image_profile, academic_status, university_profile, user_id)
values (11, 'STUDENT', '2022-12-06 03:33:51', '000000', '2022-12-06 03:33:51', '000000', null, null, null, 'STUDENT', 'Nelson', 'Muntz', 21, 11, '2023-01-01', 'ACTIVE', 22, null, null, 'https://photos.app.goo.gl/dk7gmNXsEM59iVtu6', null, null, 11);
insert into people (id, object_type, created_date, created_user, last_updated_date, last_updated_user, deleted_date, deleted_user, record_status, role, name, last_name, person_identification_id, address_id, birthday, status, university_identification_id, career_average, career_registration_date, image_profile, academic_status, university_profile, user_id)
values (12, 'STUDENT', '2022-12-06 03:33:51', '000000', '2022-12-06 03:33:51', '000000', null, null, null, 'STUDENT', 'Ralph', 'Wiggum', 23, 12, '2023-01-01', 'ACTIVE', 24, null, null, 'https://photos.app.goo.gl/dk7gmNXsEM59iVtu6', null, null, 12);
insert into people (id, object_type, created_date, created_user, last_updated_date, last_updated_user, deleted_date, deleted_user, record_status, role, name, last_name, person_identification_id, address_id, birthday, status, university_identification_id, career_average, career_registration_date, image_profile, academic_status, university_profile, user_id)
values (13, 'STUDENT', '2022-12-06 03:33:51', '000000', '2022-12-06 03:33:51', '000000', null, null, null, 'STUDENT', 'Martin', 'Prince', 25, 13, '2023-01-01', 'ACTIVE', 26, null, null, 'https://photos.app.goo.gl/dk7gmNXsEM59iVtu6', null, null, 13);

INSERT INTO ps.user_roles (user_id, role) VALUES (1, 'ADMIN');
INSERT INTO ps.user_roles (user_id, role) VALUES (2, 'ADMIN');
INSERT INTO ps.user_roles (user_id, role) VALUES (3, 'PROFESSOR');
INSERT INTO ps.user_roles (user_id, role) VALUES (4, 'STUDENT');
INSERT INTO ps.user_roles (user_id, role) VALUES (5, 'ADMIN');
INSERT INTO ps.user_roles (user_id, role) VALUES (6, 'PROFESSOR');
INSERT INTO ps.user_roles (user_id, role) VALUES (7, 'PROFESSOR');
INSERT INTO ps.user_roles (user_id, role) VALUES (8, 'STUDENT');
INSERT INTO ps.user_roles (user_id, role) VALUES (9, 'STUDENT');
INSERT INTO ps.user_roles (user_id, role) VALUES (10, 'STUDENT');
INSERT INTO ps.user_roles (user_id, role) VALUES (11, 'STUDENT');
INSERT INTO ps.user_roles (user_id, role) VALUES (12, 'STUDENT');
INSERT INTO ps.user_roles (user_id, role) VALUES (13, 'STUDENT');


INSERT INTO ps.identifications (id, object_type, created_date, created_user, last_updated_date, last_updated_user, deleted_date, deleted_user, record_status, identification_type, identification)
VALUES (1, 'IDENTIFICATION', '2022-11-17 22:25:12', '000000', '2022-11-17 22:25:12', '000000', null, null, null, 'DNI', '00000000');
INSERT INTO ps.identifications (id, object_type, created_date, created_user, last_updated_date, last_updated_user, deleted_date, deleted_user, record_status, identification_type, identification)
VALUES (2, 'IDENTIFICATION', '2022-11-17 22:25:26', '000000', '2022-11-17 22:25:26', '000000', null, null, null, 'LEGAJO', '000000');
INSERT INTO ps.identifications (id, object_type, created_date, created_user, last_updated_date, last_updated_user, deleted_date, deleted_user, record_status, identification_type, identification)
VALUES (3, 'IDENTIFICATION', '2022-12-04 15:34:33', '000000', '2022-12-04 15:34:33', '000000', null, null, null, 'DNI', '10123101');
INSERT INTO ps.identifications (id, object_type, created_date, created_user, last_updated_date, last_updated_user, deleted_date, deleted_user, record_status, identification_type, identification)
VALUES (4, 'IDENTIFICATION', '2022-12-04 15:34:33', '000000', '2022-12-04 15:34:33', '000000', null, null, null, 'LEGAJO', '100000');
INSERT INTO ps.identifications (id, object_type, created_date, created_user, last_updated_date, last_updated_user, deleted_date, deleted_user, record_status, identification_type, identification)
VALUES (5, 'IDENTIFICATION', '2022-12-04 15:34:33', '000000', '2022-12-04 15:34:33', '000000', null, null, null, 'DNI', '10123102');
INSERT INTO ps.identifications (id, object_type, created_date, created_user, last_updated_date, last_updated_user, deleted_date, deleted_user, record_status, identification_type, identification)
VALUES (6, 'IDENTIFICATION', '2022-12-04 15:34:33', '000000', '2022-12-04 15:34:33', '000000', null, null, null, 'LEGAJO', '100001');
INSERT INTO ps.identifications (id, object_type, created_date, created_user, last_updated_date, last_updated_user, deleted_date, deleted_user, record_status, identification_type, identification)
VALUES (7, 'IDENTIFICATION', '2022-12-06 01:16:25', '000000', '2022-12-06 01:16:25', '000000', null, null, null, 'DNI', '10123103');
INSERT INTO ps.identifications (id, object_type, created_date, created_user, last_updated_date, last_updated_user, deleted_date, deleted_user, record_status, identification_type, identification)
VALUES (8, 'IDENTIFICATION', '2022-12-06 01:16:25', '000000', '2022-12-06 01:16:25', '000000', null, null, null, 'LEGAJO', '100002');
INSERT INTO ps.identifications (id, object_type, created_date, created_user, last_updated_date, last_updated_user, deleted_date, deleted_user, record_status, identification_type, identification)
VALUES (9, 'IDENTIFICATION', '2022-12-06 01:56:14', '000000', '2022-12-06 01:56:14', '000000', null, null, null, 'DNI', '10123104');
INSERT INTO ps.identifications (id, object_type, created_date, created_user, last_updated_date, last_updated_user, deleted_date, deleted_user, record_status, identification_type, identification)
VALUES (10, 'IDENTIFICATION', '2022-12-06 01:56:14', '000000', '2022-12-06 01:56:14', '000000', null, null, null, 'LEGAJO', '100003');
INSERT INTO ps.identifications (id, object_type, created_date, created_user, last_updated_date, last_updated_user, deleted_date, deleted_user, record_status, identification_type, identification)
VALUES (11, 'IDENTIFICATION', '2022-12-06 02:02:47', '000000', '2022-12-06 02:02:47', '000000', null, null, null, 'DNI', '10123105');
INSERT INTO ps.identifications (id, object_type, created_date, created_user, last_updated_date, last_updated_user, deleted_date, deleted_user, record_status, identification_type, identification)
VALUES (12, 'IDENTIFICATION', '2022-12-06 02:02:47', '000000', '2022-12-06 02:02:47', '000000', null, null, null, 'LEGAJO', '100004');
INSERT INTO ps.identifications (id, object_type, created_date, created_user, last_updated_date, last_updated_user, deleted_date, deleted_user, record_status, identification_type, identification)
VALUES (13, 'IDENTIFICATION', '2022-12-06 02:06:45', '000000', '2022-12-06 02:06:45', '000000', null, null, null, 'DNI', '10123106');
INSERT INTO ps.identifications (id, object_type, created_date, created_user, last_updated_date, last_updated_user, deleted_date, deleted_user, record_status, identification_type, identification)
VALUES (14, 'IDENTIFICATION', '2022-12-06 02:06:45', '000000', '2022-12-06 02:06:45', '000000', null, null, null, 'LEGAJO', '100005');
INSERT INTO ps.identifications (id, object_type, created_date, created_user, last_updated_date, last_updated_user, deleted_date, deleted_user, record_status, identification_type, identification)
VALUES (15, 'IDENTIFICATION', '2022-12-06 02:59:50', '000000', '2022-12-06 02:59:50', '000000', null, null, null, 'DNI', '10123107');
INSERT INTO ps.identifications (id, object_type, created_date, created_user, last_updated_date, last_updated_user, deleted_date, deleted_user, record_status, identification_type, identification)
VALUES (16, 'IDENTIFICATION', '2022-12-06 02:59:50', '000000', '2022-12-06 02:59:50', '000000', null, null, null, 'LEGAJO', '100006');
INSERT INTO ps.identifications (id, object_type, created_date, created_user, last_updated_date, last_updated_user, deleted_date, deleted_user, record_status, identification_type, identification)
VALUES (17, 'IDENTIFICATION', '2022-12-06 03:02:20', '000000', '2022-12-06 03:02:20', '000000', null, null, null, 'DNI', '10123108');
INSERT INTO ps.identifications (id, object_type, created_date, created_user, last_updated_date, last_updated_user, deleted_date, deleted_user, record_status, identification_type, identification)
VALUES (18, 'IDENTIFICATION', '2022-12-06 03:02:20', '000000', '2022-12-06 03:02:20', '000000', null, null, null, 'LEGAJO', '100007');
INSERT INTO ps.identifications (id, object_type, created_date, created_user, last_updated_date, last_updated_user, deleted_date, deleted_user, record_status, identification_type, identification)
VALUES (19, 'IDENTIFICATION', '2022-12-06 03:05:30', '000000', '2022-12-06 03:05:30', '000000', null, null, null, 'DNI', '10123109');
INSERT INTO ps.identifications (id, object_type, created_date, created_user, last_updated_date, last_updated_user, deleted_date, deleted_user, record_status, identification_type, identification)
VALUES (20, 'IDENTIFICATION', '2022-12-06 03:05:30', '000000', '2022-12-06 03:05:30', '000000', null, null, null, 'LEGAJO', '100008');
INSERT INTO ps.identifications (id, object_type, created_date, created_user, last_updated_date, last_updated_user, deleted_date, deleted_user, record_status, identification_type, identification)
VALUES (21, 'IDENTIFICATION', '2022-12-06 03:18:46', '000000', '2022-12-06 03:18:46', '000000', null, null, null, 'DNI', '10123110');
INSERT INTO ps.identifications (id, object_type, created_date, created_user, last_updated_date, last_updated_user, deleted_date, deleted_user, record_status, identification_type, identification)
VALUES (22, 'IDENTIFICATION', '2022-12-06 03:18:46', '000000', '2022-12-06 03:18:46', '000000', null, null, null, 'LEGAJO', '100009');
INSERT INTO ps.identifications (id, object_type, created_date, created_user, last_updated_date, last_updated_user, deleted_date, deleted_user, record_status, identification_type, identification)
VALUES (23, 'IDENTIFICATION', '2022-12-06 03:31:35', '000000', '2022-12-06 03:31:35', '000000', null, null, null, 'DNI', '10123111');
INSERT INTO ps.identifications (id, object_type, created_date, created_user, last_updated_date, last_updated_user, deleted_date, deleted_user, record_status, identification_type, identification)
VALUES (24, 'IDENTIFICATION', '2022-12-06 03:31:35', '000000', '2022-12-06 03:31:35', '000000', null, null, null, 'LEGAJO', '100010');
INSERT INTO ps.identifications (id, object_type, created_date, created_user, last_updated_date, last_updated_user, deleted_date, deleted_user, record_status, identification_type, identification)
VALUES (25, 'IDENTIFICATION', '2022-12-06 03:33:51', '000000', '2022-12-06 03:33:51', '000000', null, null, null, 'DNI', '10123112');
INSERT INTO ps.identifications (id, object_type, created_date, created_user, last_updated_date, last_updated_user, deleted_date, deleted_user, record_status, identification_type, identification)
VALUES (26, 'IDENTIFICATION', '2022-12-06 03:33:51', '000000', '2022-12-06 03:33:51', '000000', null, null, null, 'LEGAJO', '100011');

INSERT INTO ps.addresses (id, object_type, created_date, created_user, last_updated_date, last_updated_user, deleted_date, deleted_user, record_status, street, street_number, zip_code, detail, city, province, country)
VALUES (1, 'ADDRESS', '2022-12-06 01:16:25', '000000', '2022-12-06 01:16:25', '000000', null, null, null, 'Maestro M. Lopez esq, Cruz Roja Argentina', 'S/N', '5000', 'Centro de computos', 'Córdoba', 'C', 'AR');
INSERT INTO ps.addresses (id, object_type, created_date, created_user, last_updated_date, last_updated_user, deleted_date, deleted_user, record_status, street, street_number, zip_code, detail, city, province, country)
VALUES (2, 'ADDRESS', '2022-12-06 01:56:14', '000000', '2022-12-06 01:56:14', '000000', null, null, null, 'Escuela primaria de Springfield', 'S/N', '0000', null, 'Springfield', 'C', 'AR');
INSERT INTO ps.addresses (id, object_type, created_date, created_user, last_updated_date, last_updated_user, deleted_date, deleted_user, record_status, street, street_number, zip_code, detail, city, province, country)
VALUES (3, 'ADDRESS', '2022-12-06 02:02:47', '000000', '2022-12-06 02:02:47', '000000', null, null, null, 'Escuela primaria de Springfield', 'S/N', '0000', null, 'Springfield', 'C', 'AR');
INSERT INTO ps.addresses (id, object_type, created_date, created_user, last_updated_date, last_updated_user, deleted_date, deleted_user, record_status, street, street_number, zip_code, detail, city, province, country)
VALUES (4, 'ADDRESS', '2022-12-06 02:06:45', '000000', '2022-12-06 02:06:45', '000000', null, null, null, 'Avenida Siempreviva', '760', '0000', null, 'Springfield', 'C', 'AR');
INSERT INTO ps.addresses (id, object_type, created_date, created_user, last_updated_date, last_updated_user, deleted_date, deleted_user, record_status, street, street_number, zip_code, detail, city, province, country)
VALUES (5, 'ADDRESS', '2022-12-06 02:59:50', '000000', '2022-12-06 02:59:50', '000000', null, null, null, 'Escuela primaria de Springfield', 'S/N', '0000', null, 'Springfield', 'C', 'AR');
INSERT INTO ps.addresses (id, object_type, created_date, created_user, last_updated_date, last_updated_user, deleted_date, deleted_user, record_status, street, street_number, zip_code, detail, city, province, country)
VALUES (6, 'ADDRESS', '2022-12-06 03:02:20', '000000', '2022-12-06 03:02:20', '000000', null, null, null, 'Escuela primaria de Springfield', 'S/N', '0000', null, 'Springfield', 'C', 'AR');
INSERT INTO ps.addresses (id, object_type, created_date, created_user, last_updated_date, last_updated_user, deleted_date, deleted_user, record_status, street, street_number, zip_code, detail, city, province, country)
VALUES (7, 'ADDRESS', '2022-12-06 03:05:31', '000000', '2022-12-06 03:05:31', '000000', null, null, null, 'Escuela primaria de Springfield', 'S/N', '0000', null, 'Springfield', 'C', 'AR');
INSERT INTO ps.addresses (id, object_type, created_date, created_user, last_updated_date, last_updated_user, deleted_date, deleted_user, record_status, street, street_number, zip_code, detail, city, province, country)
VALUES (8, 'ADDRESS', '2022-12-06 03:18:46', '000000', '2022-12-06 03:18:46', '000000', null, null, null, 'Avenida Siempreviva', '742', '0000', null, 'Springfield', 'C', 'AR');
INSERT INTO ps.addresses (id, object_type, created_date, created_user, last_updated_date, last_updated_user, deleted_date, deleted_user, record_status, street, street_number, zip_code, detail, city, province, country)
VALUES (9, 'ADDRESS', '2022-12-06 03:31:35', '000000', '2022-12-06 03:31:35', '000000', null, null, null, 'Avenida Siempreviva', '742', '0000', null, 'Springfield', 'C', 'AR');
INSERT INTO ps.addresses (id, object_type, created_date, created_user, last_updated_date, last_updated_user, deleted_date, deleted_user, record_status, street, street_number, zip_code, detail, city, province, country)
VALUES (10, 'ADDRESS', '2022-12-06 03:33:51', '000000', '2022-12-06 03:33:51', '000000', null, null, null, 'Main Street', '1982', '0000', null, 'Springfield', 'C', 'AR');
INSERT INTO ps.addresses (id, object_type, created_date, created_user, last_updated_date, last_updated_user, deleted_date, deleted_user, record_status, street, street_number, zip_code, detail, city, province, country)
VALUES (11, 'ADDRESS', '2022-12-06 03:33:51', '000000', '2022-12-06 03:33:51', '000000', null, null, null, 'Avenida 12th', '500', '0000', null, 'Springfield', 'C', 'AR');
INSERT INTO ps.addresses (id, object_type, created_date, created_user, last_updated_date, last_updated_user, deleted_date, deleted_user, record_status, street, street_number, zip_code, detail, city, province, country)
VALUES (12, 'ADDRESS', '2022-12-06 03:33:51', '000000', '2022-12-06 03:33:51', '000000', null, null, null, 'Calle 3ª', '234', '0000', null, 'Springfield', 'C', 'AR');
INSERT INTO ps.addresses (id, object_type, created_date, created_user, last_updated_date, last_updated_user, deleted_date, deleted_user, record_status, street, street_number, zip_code, detail, city, province, country)
VALUES (13, 'ADDRESS', '2022-12-06 03:33:51', '000000', '2022-12-06 03:33:51', '000000', null, null, null, 'Avenida Siempreviva', '1500', '0000', null, 'Springfield', 'C', 'AR');

INSERT INTO ps.contacts (id, object_type, created_date, created_user, last_updated_date, last_updated_user, deleted_date, deleted_user, record_status, person_id, contact_type, value, contact_scope)
VALUES (1, 'CONTACT', '2022-12-06 01:56:14', '000000', '2022-12-06 01:56:14', '000000', null, null, null, 1, 'EMAIL', 'ps.tecnicatura@gmail.com', 'UNIVERSITY');
INSERT INTO ps.contacts (id, object_type, created_date, created_user, last_updated_date, last_updated_user, deleted_date, deleted_user, record_status, person_id, contact_type, value, contact_scope)
VALUES (2, 'CONTACT', '2022-12-06 01:56:14', '000000', '2022-12-06 01:56:14', '000000', null, null, null, 1, 'CELLPHONE', '3516222059', 'PERSONAL');
INSERT INTO ps.contacts (id, object_type, created_date, created_user, last_updated_date, last_updated_user, deleted_date, deleted_user, record_status, person_id, contact_type, value, contact_scope)
VALUES (3, 'CONTACT', '2022-12-06 01:56:14', '000000', '2022-12-06 01:56:14', '000000', null, null, null, 2, 'EMAIL', 'ps.tecnicatura@gmail.com', 'UNIVERSITY');
INSERT INTO ps.contacts (id, object_type, created_date, created_user, last_updated_date, last_updated_user, deleted_date, deleted_user, record_status, person_id, contact_type, value, contact_scope)
VALUES (4, 'CONTACT', '2022-12-06 01:56:14', '000000', '2022-12-06 01:56:14', '000000', null, null, null, 2, 'CELLPHONE', '3516222059', 'PERSONAL');
INSERT INTO ps.contacts (id, object_type, created_date, created_user, last_updated_date, last_updated_user, deleted_date, deleted_user, record_status, person_id, contact_type, value, contact_scope)
VALUES (5, 'CONTACT', '2022-12-06 01:56:14', '000000', '2022-12-06 01:56:14', '000000', null, null, null, 3, 'EMAIL', 'ps.tecnicatura@gmail.com', 'UNIVERSITY');
INSERT INTO ps.contacts (id, object_type, created_date, created_user, last_updated_date, last_updated_user, deleted_date, deleted_user, record_status, person_id, contact_type, value, contact_scope)
VALUES (6, 'CONTACT', '2022-12-06 01:56:14', '000000', '2022-12-06 01:56:14', '000000', null, null, null, 3, 'CELLPHONE', '3516222059', 'PERSONAL');
INSERT INTO ps.contacts (id, object_type, created_date, created_user, last_updated_date, last_updated_user, deleted_date, deleted_user, record_status, person_id, contact_type, value, contact_scope)
VALUES (7, 'CONTACT', '2022-12-06 01:56:14', '000000', '2022-12-06 01:56:14', '000000', null, null, null, 4, 'EMAIL', 'ps.tecnicatura@gmail.com', 'UNIVERSITY');
INSERT INTO ps.contacts (id, object_type, created_date, created_user, last_updated_date, last_updated_user, deleted_date, deleted_user, record_status, person_id, contact_type, value, contact_scope)
VALUES (8, 'CONTACT', '2022-12-06 01:56:14', '000000', '2022-12-06 01:56:14', '000000', null, null, null, 4, 'CELLPHONE', '3516222059', 'PERSONAL');
INSERT INTO ps.contacts (id, object_type, created_date, created_user, last_updated_date, last_updated_user, deleted_date, deleted_user, record_status, person_id, contact_type, value, contact_scope)
VALUES (9, 'CONTACT', '2022-12-06 01:56:14', '000000', '2022-12-06 01:56:14', '000000', null, null, null, 5, 'EMAIL', 'ps.tecnicatura@gmail.com', 'UNIVERSITY');
INSERT INTO ps.contacts (id, object_type, created_date, created_user, last_updated_date, last_updated_user, deleted_date, deleted_user, record_status, person_id, contact_type, value, contact_scope)
VALUES (10, 'CONTACT', '2022-12-06 01:56:14', '000000', '2022-12-06 01:56:14', '000000', null, null, null, 5, 'CELLPHONE', '3516222059', 'PERSONAL');
INSERT INTO ps.contacts (id, object_type, created_date, created_user, last_updated_date, last_updated_user, deleted_date, deleted_user, record_status, person_id, contact_type, value, contact_scope)
VALUES (11, 'CONTACT', '2022-12-06 01:56:14', '000000', '2022-12-06 01:56:14', '000000', null, null, null, 6, 'EMAIL', 'ps.tecnicatura@gmail.com', 'UNIVERSITY');
INSERT INTO ps.contacts (id, object_type, created_date, created_user, last_updated_date, last_updated_user, deleted_date, deleted_user, record_status, person_id, contact_type, value, contact_scope)
VALUES (12, 'CONTACT', '2022-12-06 01:56:14', '000000', '2022-12-06 01:56:14', '000000', null, null, null, 6, 'CELLPHONE', '3516222059', 'PERSONAL');
INSERT INTO ps.contacts (id, object_type, created_date, created_user, last_updated_date, last_updated_user, deleted_date, deleted_user, record_status, person_id, contact_type, value, contact_scope)
VALUES (13, 'CONTACT', '2022-12-06 01:56:14', '000000', '2022-12-06 01:56:14', '000000', null, null, null, 7, 'EMAIL', 'ps.tecnicatura@gmail.com', 'UNIVERSITY');
INSERT INTO ps.contacts (id, object_type, created_date, created_user, last_updated_date, last_updated_user, deleted_date, deleted_user, record_status, person_id, contact_type, value, contact_scope)
VALUES (14, 'CONTACT', '2022-12-06 01:56:14', '000000', '2022-12-06 01:56:14', '000000', null, null, null, 7, 'CELLPHONE', '3516222059', 'PERSONAL');
INSERT INTO ps.contacts (id, object_type, created_date, created_user, last_updated_date, last_updated_user, deleted_date, deleted_user, record_status, person_id, contact_type, value, contact_scope)
VALUES (15, 'CONTACT', '2022-12-06 01:56:14', '000000', '2022-12-06 01:56:14', '000000', null, null, null, 8, 'EMAIL', 'ps.tecnicatura@gmail.com', 'UNIVERSITY');
INSERT INTO ps.contacts (id, object_type, created_date, created_user, last_updated_date, last_updated_user, deleted_date, deleted_user, record_status, person_id, contact_type, value, contact_scope)
VALUES (16, 'CONTACT', '2022-12-06 01:56:14', '000000', '2022-12-06 01:56:14', '000000', null, null, null, 8, 'CELLPHONE', '3516222059', 'PERSONAL');
INSERT INTO ps.contacts (id, object_type, created_date, created_user, last_updated_date, last_updated_user, deleted_date, deleted_user, record_status, person_id, contact_type, value, contact_scope)
VALUES (17, 'CONTACT', '2022-12-06 01:56:14', '000000', '2022-12-06 01:56:14', '000000', null, null, null, 9, 'EMAIL', 'ps.tecnicatura@gmail.com', 'UNIVERSITY');
INSERT INTO ps.contacts (id, object_type, created_date, created_user, last_updated_date, last_updated_user, deleted_date, deleted_user, record_status, person_id, contact_type, value, contact_scope)
VALUES (18, 'CONTACT', '2022-12-06 01:56:14', '000000', '2022-12-06 01:56:14', '000000', null, null, null, 9, 'CELLPHONE', '3516222059', 'PERSONAL');
INSERT INTO ps.contacts (id, object_type, created_date, created_user, last_updated_date, last_updated_user, deleted_date, deleted_user, record_status, person_id, contact_type, value, contact_scope)
VALUES (19, 'CONTACT', '2022-12-06 01:56:14', '000000', '2022-12-06 01:56:14', '000000', null, null, null, 10, 'EMAIL', 'ps.tecnicatura@gmail.com', 'UNIVERSITY');
INSERT INTO ps.contacts (id, object_type, created_date, created_user, last_updated_date, last_updated_user, deleted_date, deleted_user, record_status, person_id, contact_type, value, contact_scope)
VALUES (20, 'CONTACT', '2022-12-06 01:56:14', '000000', '2022-12-06 01:56:14', '000000', null, null, null, 10, 'CELLPHONE', '3516222059', 'PERSONAL');
INSERT INTO ps.contacts (id, object_type, created_date, created_user, last_updated_date, last_updated_user, deleted_date, deleted_user, record_status, person_id, contact_type, value, contact_scope)
VALUES (21, 'CONTACT', '2022-12-06 01:56:14', '000000', '2022-12-06 01:56:14', '000000', null, null, null, 11, 'EMAIL', 'ps.tecnicatura@gmail.com', 'UNIVERSITY');
INSERT INTO ps.contacts (id, object_type, created_date, created_user, last_updated_date, last_updated_user, deleted_date, deleted_user, record_status, person_id, contact_type, value, contact_scope)
VALUES (22, 'CONTACT', '2022-12-06 01:56:14', '000000', '2022-12-06 01:56:14', '000000', null, null, null, 11, 'CELLPHONE', '3516222059', 'PERSONAL');
INSERT INTO ps.contacts (id, object_type, created_date, created_user, last_updated_date, last_updated_user, deleted_date, deleted_user, record_status, person_id, contact_type, value, contact_scope)
VALUES (23, 'CONTACT', '2022-12-06 01:56:14', '000000', '2022-12-06 01:56:14', '000000', null, null, null, 12, 'EMAIL', 'ps.tecnicatura@gmail.com', 'UNIVERSITY');
INSERT INTO ps.contacts (id, object_type, created_date, created_user, last_updated_date, last_updated_user, deleted_date, deleted_user, record_status, person_id, contact_type, value, contact_scope)
VALUES (24, 'CONTACT', '2022-12-06 01:56:14', '000000', '2022-12-06 01:56:14', '000000', null, null, null, 12, 'CELLPHONE', '3516222059', 'PERSONAL');
INSERT INTO ps.contacts (id, object_type, created_date, created_user, last_updated_date, last_updated_user, deleted_date, deleted_user, record_status, person_id, contact_type, value, contact_scope)
VALUES (25, 'CONTACT', '2022-12-06 01:56:14', '000000', '2022-12-06 01:56:14', '000000', null, null, null, 13, 'EMAIL', 'ps.tecnicatura@gmail.com', 'UNIVERSITY');
INSERT INTO ps.contacts (id, object_type, created_date, created_user, last_updated_date, last_updated_user, deleted_date, deleted_user, record_status, person_id, contact_type, value, contact_scope)
VALUES (26, 'CONTACT', '2022-12-06 01:56:14', '000000', '2022-12-06 01:56:14', '000000', null, null, null, 13, 'CELLPHONE', '3516222059', 'PERSONAL');

COMMIT;

INSERT INTO ps.code_frameworks (id, object_type, created_date, created_user, last_updated_date, last_updated_user, deleted_date, deleted_user, record_status, name, type, description, image_link, icon_link)
VALUES (1, 'CODE_FRAMEWORK', '2022-12-04 17:43:18', '000000', '2022-12-05 22:51:32', '000000', null, null, null, 'Spring Boot', 'Framework de desarrollo en Java', 'Spring Boot es una tecnología para crear aplicaciones autocontenidas.', '/common/config/spring.png', '');
INSERT INTO ps.code_frameworks (id, object_type, created_date, created_user, last_updated_date, last_updated_user, deleted_date, deleted_user, record_status, name, type, description, image_link, icon_link)
VALUES (2, 'CODE_FRAMEWORK', '2022-12-08 21:44:57', '000000', '2022-12-08 21:44:57', '000000', null, null, null, 'React', 'Librería JavaScript', 'React te ayuda a crear interfaces de usuario interactivas de forma sencilla. Diseña vistas simples para cada estado en tu aplicación, y se encargará de actualizar y renderizar de manera eficiente los componentes correctos cuando los datos cambien', '/common/config/react.png', null);
INSERT INTO ps.code_frameworks (id, object_type, created_date, created_user, last_updated_date, last_updated_user, deleted_date, deleted_user, record_status, name, type, description, image_link, icon_link)
VALUES (3, 'CODE_FRAMEWORK', '2022-12-08 21:51:13', '000000', '2022-12-08 21:51:13', '000000', null, null, null, 'Angular', 'Framework para aplicaciones web en TypeScript', 'Framework para aplicaciones web desarrollado en TypeScript, de código abierto, mantenido por Google, que se utiliza para crear y mantener aplicaciones web de una sola página.', '/common/config/angular.png', null);

INSERT INTO ps.code_languages (id, object_type, created_date, created_user, last_updated_date, last_updated_user, deleted_date, deleted_user, record_status, type, name)
VALUES (1, 'CODE_LANGUAGE', '2022-12-05 22:34:09', '000000', '2022-12-05 22:34:09', '000000', null, null, null, 'Lenguaje multiplataforma orientado a objetos', 'Java');
INSERT INTO ps.code_languages (id, object_type, created_date, created_user, last_updated_date, last_updated_user, deleted_date, deleted_user, record_status, type, name)
VALUES (2, 'CODE_LANGUAGE', '2022-12-05 22:35:21', '000000', '2022-12-05 22:35:21', '000000', null, null, null, 'Lenguaje de código abierto especialmente adecuado para el desarrollo web', 'PHP');
INSERT INTO ps.code_languages (id, object_type, created_date, created_user, last_updated_date, last_updated_user, deleted_date, deleted_user, record_status, type, name)
VALUES (3, 'CODE_LANGUAGE', '2022-12-05 22:39:40', '000000', '2022-12-05 22:39:40', '000000', null, null, null, 'Lenguaje de programación o de secuencias de comandos interpretado ligero', 'JavaScript');
INSERT INTO ps.code_languages (id, object_type, created_date, created_user, last_updated_date, last_updated_user, deleted_date, deleted_user, record_status, type, name)
VALUES (4, 'CODE_LANGUAGE', '2022-12-05 22:40:44', '000000', '2022-12-05 22:40:44', '000000', null, null, null, 'Lenguaje de programación moderno, basado en objetos y con seguridad de tipos', 'C#');
INSERT INTO ps.code_languages (id, object_type, created_date, created_user, last_updated_date, last_updated_user, deleted_date, deleted_user, record_status, type, name)
VALUES (5, 'CODE_LANGUAGE', '2022-12-08 21:30:09', '000000', '2022-12-08 21:30:09', '000000', null, null, null, 'Python es un lenguaje de programación de alto nivel interpretado, orientado a objetos y con semántica dinámica.', 'Python');

COMMIT;